category,Negative,Neutral,Positive
beli-harddisk-eksternal,9.250585480093678,5.50351288056206,85.24590163934425
